{"Happiness_score":{"Australia and New Zealand":7.285,"Central and Eastern Europe":5.3329310345,"Eastern Asia":5.6261666667,"Latin America and Caribbean":6.1446818182,"Middle East and Northern Africa":5.4069,"North America":7.273,"Southeastern Asia":5.3174444444,"Southern Asia":4.5808571429,"Sub-Saharan Africa":4.2028,"Western Europe":6.6896190476}}